media_f_base,media_f_prop_k1,media_f_prop_k2,media_f_prop_k3
0.2349345112423474,0.24686906250886695,0.2533356607780492,0.2432328775383214
