soma_p_prop,soma_c_prop,soma_f_prop,soma_p_base,soma_c_base,soma_f_base
0.15696350181130794,0.7787047246701891,0.25705234240944064,0.15420986999049435,0.7627358368617667,0.25210262061008
