usa_vizinhos,n_dimensoes,precisao,cobertura,medida_f
False,5,0.15342058305905593,0.5190041328939737,0.23683221270592095
True,5,0.1625685927735071,0.5498028964394928,0.25093840652076316
