soma_p_prop,soma_c_prop,soma_f_prop,soma_p_base,soma_c_base,soma_f_base
0.1543515590000739,0.5085940039768809,0.23682872861960838,0.145749681370754,0.4873740205708224,0.22439408914479597
