soma_p_prop,soma_c_prop,soma_f_prop,soma_p_base,soma_c_base,soma_f_base
0.1625685927735071,0.5498028964394928,0.25093840652076316,0.15342058305905593,0.5190041328939737,0.23683221270592095
