usa_vizinhos,n_dimensoes,precisao,cobertura,medida_f
False,5,0.145749681370754,0.4873740205708224,0.22439408914479597
True,5,0.1543515590000739,0.5085940039768809,0.23682872861960838
