usa_vizinhos,n_dimensoes,precisao,cobertura,medida_f
False,5,0.3193973634651599,0.5616760828625237,0.4072256648647386
True,5,0.3285864978902952,0.5031645569620253,0.39755424094780173
