soma_p_prop,soma_c_prop,soma_f_prop,soma_p_base,soma_c_base,soma_f_base
0.3285864978902952,0.5031645569620253,0.39755424094780173,0.3193973634651599,0.5616760828625237,0.4072256648647386
