soma_p_prop,soma_c_prop,soma_f_prop,soma_p_base,soma_c_base,soma_f_base
0.3454021226704112,0.8119920916711534,0.4733234168480145,0.31524118956865815,0.7392262564227486,0.4278696895930357
