soma_p_prop,soma_c_prop,soma_f_prop,soma_p_base,soma_c_base,soma_f_base
0.3068480300187616,0.4856160100062539,0.3760683349399335,0.41186059584036,0.5907813378302418,0.4853568270765468
