usa_vizinhos,n_dimensoes,precisao,cobertura,medida_f
False,5,0.41186059584036,0.5907813378302418,0.4853568270765468
True,5,0.3068480300187616,0.4856160100062539,0.3760683349399335
