media_f_base,media_f_prop_k1,media_f_prop_k2,media_f_prop_k3
0.37569166447269237,0.37896944832539037,0.4747938782092394,0.4030049782409583
