media_f_base,media_f_prop_k1,media_f_prop_k2,media_f_prop_k3
0.3981321264382048,0.3451334715579586,0.41456268000985896,0.4289558729727012
