media_f_base,media_f_prop_k1,media_f_prop_k2,media_f_prop_k2
0.37258628386723547,0.40037865811884904,0.42903400266819847,0.42903400266819847
