media_f_base,media_f_prop_k1,media_f_prop_k2,media_f_prop_k3
0.3774465320680402,0.3988136535500072,0.4221503931599508,0.45629151379865057
