soma_p_prop,soma_c_prop,soma_f_prop,soma_p_base,soma_c_base,soma_f_base
0.37736343000849176,0.6809709484616894,0.4609942700513296,0.35040882950116486,0.6513162682082433,0.4338088216579547
